insert into country (IdCountry, CountryName, imageUrl) values ('10009958', N'Việt Nam','https://ik.imagekit.io/tvlk/loc-asset/gNr3hLh55ZCkPJisyxFK-v9MmzxPu57ZRVI+10VZ2S4b1PNW4T++cbA6yK4gzhAhs9o2HLZ9vs7gy3rpcIU+oKi5EygzQLRjTUv7fRblEVA=/images/1548664341099-2500x1875-FIT_AND_TRIM-d88cfb4064d3b5f443d43fb183309290.jpeg?tr=q-40,c-at_max,w-740,h-500&_src=imagekit')
insert into country (IdCountry, CountryName, imageUrl) values ('10000001', N'Singapore','https://ik.imagekit.io/tvlk/loc-asset/gNr3hLh55ZCkPJisyxFK-v9MmzxPu57ZRVI+10VZ2S4b1PNW4T++cbA6yK4gzhAhs9o2HLZ9vs7gy3rpcIU+oKi5EygzQLRjTUv7fRblEVA=/images/1507000418433-1200x600-FIT_AND_TRIM-e44d8942679d546b65ca018db89c3bf8.jpeg?tr=q-40,c-at_max,w-740,h-500&_src=imagekit')
insert into country (IdCountry, CountryName, imageUrl) values ('10000007', N'Thái Lan','https://ik.imagekit.io/tvlk/loc-asset/gNr3hLh55ZCkPJisyxFK-v9MmzxPu57ZRVI+10VZ2S4b1PNW4T++cbA6yK4gzhAhs9o2HLZ9vs7gy3rpcIU+oKi5EygzQLRjTUv7fRblEVA=/images/1506945799964-1200x600-FIT_AND_TRIM-d81040d4204d79dae54942b4d8f80636.jpeg?tr=q-40,c-at_max,w-740,h-500&_src=imagekit')
insert into country (IdCountry, CountryName, imageUrl) values ('108416', N'Malaysia','https://ik.imagekit.io/tvlk/loc-asset/gNr3hLh55ZCkPJisyxFK-v9MmzxPu57ZRVI+10VZ2S4b1PNW4T++cbA6yK4gzhAhs9o2HLZ9vs7gy3rpcIU+oKi5EygzQLRjTUv7fRblEVA=/images/1506917344554-1200x600-FIT_AND_TRIM-2c2be77679906dc3d0f500f042060cca.jpeg?tr=q-40,c-at_max,w-740,h-500&_src=imagekit')
insert into country (IdCountry, CountryName, imageUrl) values ('20001756', N'Nhật Bản','https://ik.imagekit.io/tvlk/loc-asset/gNr3hLh55ZCkPJisyxFK-v9MmzxPu57ZRVI+10VZ2S4b1PNW4T++cbA6yK4gzhAhs9o2HLZ9vs7gy3rpcIU+oKi5EygzQLRjTUv7fRblEVA=/images/1567677818408-2000x1000-FIT_AND_TRIM-14d955d2d4faf858b8b521455866e59b.jpeg?tr=q-40,c-at_max,w-740,h-500&_src=imagekit')
insert into country (IdCountry, CountryName, imageUrl) values ('20004311', N'Hàn Quốcc','https://ik.imagekit.io/tvlk/loc-asset/gNr3hLh55ZCkPJisyxFK-v9MmzxPu57ZRVI+10VZ2S4b1PNW4T++cbA6yK4gzhAhs9o2HLZ9vs7gy3rpcIU+oKi5EygzQLRjTUv7fRblEVA=/images/1567677895378-2000x1000-FIT_AND_TRIM-e09d4b4f5c331d3dfc3f407c0596c74f.jpeg?tr=q-40,c-at_max,w-740,h-500&_src=imagekit')
insert into country (IdCountry, CountryName, imageUrl) values ('100003', N'Indonesia','https://ik.imagekit.io/tvlk/loc-asset/gNr3hLh55ZCkPJisyxFK-v9MmzxPu57ZRVI+10VZ2S4b1PNW4T++cbA6yK4gzhAhs9o2HLZ9vs7gy3rpcIU+oKi5EygzQLRjTUv7fRblEVA=/images/1576041040181-2560x1700-FIT_AND_TRIM-2ad197ce2a7247c1a29aa5d69a0af338.jpeg?tr=q-40,c-at_max,w-740,h-500&_src=imagekit')
insert into country (IdCountry, CountryName, imageUrl) values ('4001668284', N'Ðài Loan','https://ik.imagekit.io/tvlk/loc-asset/gNr3hLh55ZCkPJisyxFK-v9MmzxPu57ZRVI+10VZ2S4b1PNW4T++cbA6yK4gzhAhs9o2HLZ9vs7gy3rpcIU+oKi5EygzQLRjTUv7fRblEVA=/images/1569824078441-1170x781-FIT_AND_TRIM-5f1ba91f05935d7325a861473098aef3.jpeg?tr=q-40,c-at_max,w-740,h-500&_src=imagekit')
insert into country (IdCountry, CountryName, imageUrl) values ('10010821', N'Hồng Kông','https://ik.imagekit.io/tvlk/loc-asset/gNr3hLh55ZCkPJisyxFK-v9MmzxPu57ZRVI+10VZ2S4b1PNW4T++cbA6yK4gzhAhs9o2HLZ9vs7gy3rpcIU+oKi5EygzQLRjTUv7fRblEVA=/images/1506914563489-1200x600-FIT_AND_TRIM-611935f4b1d9084b3ae7f98b28f803b6.jpeg?tr=q-40,c-at_max,w-740,h-500&_src=imagekit')
insert into country (IdCountry, CountryName, imageUrl) values ('4002077456', N'Úc','https://ik.imagekit.io/tvlk/loc-asset/gNr3hLh55ZCkPJisyxFK-v9MmzxPu57ZRVI+10VZ2S4b1PNW4T++cbA6yK4gzhAhs9o2HLZ9vs7gy3rpcIU+oKi5EygzQLRjTUv7fRblEVA=/images/1510914891585-1200x600-FIT_AND_TRIM-657669427f46b3a31030521af9efbeda.jpeg?tr=q-40,c-at_max,w-740,h-500&_src=imagekit')
insert into country (IdCountry, CountryName, imageUrl) values ('20000491', N'Trung Qu?c','https://ik.imagekit.io/tvlk/loc-asset/gNr3hLh55ZCkPJisyxFK-v9MmzxPu57ZRVI+10VZ2S4b1PNW4T++cbA6yK4gzhAhs9o2HLZ9vs7gy3rpcIU+oKi5EygzQLRjTUv7fRblEVA=/images/1510912732906-1200x600-FIT_AND_TRIM-f389f2c907d64dea149f3ea7f1374d2e.jpeg?tr=q-40,c-at_max,w-740,h-500&_src=imagekit')
insert into country (IdCountry, CountryName, imageUrl) values ('4002921044', N'Ðức','https://ik.imagekit.io/tvlk/loc-asset/gNr3hLh55ZCkPJisyxFK-v9MmzxPu57ZRVI+10VZ2S4b1PNW4T++cbA6yK4gzhAhs9o2HLZ9vs7gy3rpcIU+oKi5EygzQLRjTUv7fRblEVA=/images/1510914730120-1200x600-FIT_AND_TRIM-03fdbed98d7ece67cb12257de2bb575c.jpeg?tr=q-40,c-at_max,w-740,h-500&_src=imagekit')
insert into country (IdCountry, CountryName, imageUrl) values ('10007643', N'Philippines','https://ik.imagekit.io/tvlk/loc-asset/gNr3hLh55ZCkPJisyxFK-v9MmzxPu57ZRVI+10VZ2S4b1PNW4T++cbA6yK4gzhAhs9o2HLZ9vs7gy3rpcIU+oKi5EygzQLRjTUv7fRblEVA=/images/1557849335106-4000x3000-FIT_AND_TRIM-adfa119df782732676390751128ac83f.jpeg?tr=q-40,c-at_max,w-740,h-500&_src=imagekit')
insert into country (IdCountry, CountryName, imageUrl) values ('4006252001', N'Hoa Kì','https://ik.imagekit.io/tvlk/loc-asset/gNr3hLh55ZCkPJisyxFK-v9MmzxPu57ZRVI+10VZ2S4b1PNW4T++cbA6yK4gzhAhs9o2HLZ9vs7gy3rpcIU+oKi5EygzQLRjTUv7fRblEVA=/images/1575346962361-1205x799-FIT_AND_TRIM-97b8cbaed23001895b2c707fa4e0aaff.jpeg?tr=q-40,c-at_max,w-740,h-500&_src=imagekit')
insert into country (IdCountry, CountryName, imageUrl) values ('20002762', N'Ma Cao','https://ik.imagekit.io/tvlk/loc-asset/gNr3hLh55ZCkPJisyxFK-v9MmzxPu57ZRVI+10VZ2S4b1PNW4T++cbA6yK4gzhAhs9o2HLZ9vs7gy3rpcIU+oKi5EygzQLRjTUv7fRblEVA=/images/1510912851956-1200x600-FIT_AND_TRIM-89c75baba87ca3393261fc8260600b9b.jpeg?tr=q-40,c-at_max,w-740,h-500&_src=imagekit')
insert into country (IdCountry, CountryName, imageUrl) values ('30005197', N'Ý','https://ik.imagekit.io/tvlk/loc-asset/gNr3hLh55ZCkPJisyxFK-v9MmzxPu57ZRVI+10VZ2S4b1PNW4T++cbA6yK4gzhAhs9o2HLZ9vs7gy3rpcIU+oKi5EygzQLRjTUv7fRblEVA=/images/1510913617627-1200x600-FIT_AND_TRIM-8e08c1acb306f41962812b88774609c9.jpeg?tr=q-40,c-at_max,w-740,h-500&_src=imagekit')
insert into country (IdCountry, CountryName, imageUrl) values ('30004804', N'Hà Lan','https://ik.imagekit.io/tvlk/loc-asset/gNr3hLh55ZCkPJisyxFK-v9MmzxPu57ZRVI+10VZ2S4b1PNW4T++cbA6yK4gzhAhs9o2HLZ9vs7gy3rpcIU+oKi5EygzQLRjTUv7fRblEVA=/images/1510912960408-1200x600-FIT_AND_TRIM-26b73be68cd35c5fa426f2d603a1b141.jpeg?tr=q-40,c-at_max,w-740,h-500&_src=imagekit')
insert into country (IdCountry, CountryName, imageUrl) values ('30002564', N'Campuchia','https://ik.imagekit.io/tvlk/loc-asset/gNr3hLh55ZCkPJisyxFK-v9MmzxPu57ZRVI+10VZ2S4b1PNW4T++cbA6yK4gzhAhs9o2HLZ9vs7gy3rpcIU+oKi5EygzQLRjTUv7fRblEVA=/images/1571739293125-1045x696-FIT_AND_TRIM-cdaae7d239bb78a1f71f153f5a5f77d0.jpeg?tr=q-40,c-at_max,w-740,h-500&_src=imagekit')
insert into country (IdCountry, CountryName, imageUrl) values ('4002186224', N'New Zealand','https://ik.imagekit.io/tvlk/loc-asset/gNr3hLh55ZCkPJisyxFK-v9MmzxPu57ZRVI+10VZ2S4b1PNW4T++cbA6yK4gzhAhs9o2HLZ9vs7gy3rpcIU+oKi5EygzQLRjTUv7fRblEVA=/images/1575346927501-1170x780-FIT_AND_TRIM-3b3039ebbf4e65b273075395a539c633.jpeg?tr=q-40,c-at_max,w-740,h-500&_src=imagekit')
insert into country (IdCountry, CountryName, imageUrl) values ('4003017382', N'Pháp','https://ik.imagekit.io/tvlk/loc-asset/gNr3hLh55ZCkPJisyxFK-v9MmzxPu57ZRVI+10VZ2S4b1PNW4T++cbA6yK4gzhAhs9o2HLZ9vs7gy3rpcIU+oKi5EygzQLRjTUv7fRblEVA=/images/1510913470812-1200x600-FIT_AND_TRIM-5b03b4dabfb86a60b5bf82925689fb1d.jpeg?tr=q-40,c-at_max,w-740,h-500&_src=imagekit')
insert into country (IdCountry, CountryName, imageUrl) values ('4002510769', N'Tây Ban Nha','https://ik.imagekit.io/tvlk/loc-asset/gNr3hLh55ZCkPJisyxFK-v9MmzxPu57ZRVI+10VZ2S4b1PNW4T++cbA6yK4gzhAhs9o2HLZ9vs7gy3rpcIU+oKi5EygzQLRjTUv7fRblEVA=/images/1510913150581-1200x600-FIT_AND_TRIM-54b3205fd552ab03cedf4eb4f029d3f4.jpeg?tr=q-40,c-at_max,w-740,h-500&_src=imagekit')
insert into country (IdCountry, CountryName, imageUrl) values ('4002782113', N'Áo','https://ik.imagekit.io/tvlk/loc-asset/gNr3hLh55ZCkPJisyxFK-v9MmzxPu57ZRVI+10VZ2S4b1PNW4T++cbA6yK4gzhAhs9o2HLZ9vs7gy3rpcIU+oKi5EygzQLRjTUv7fRblEVA=/images/1510913950207-1200x600-FIT_AND_TRIM-f17c60b83878be9cb5410ca299a23f2e.jpeg?tr=q-40,c-at_max,w-740,h-500&_src=imagekit')

--City
--vietnam
insert into City (IdCity, IdCountry, CityName) values ('10010083','10009958', N'Ðà Nẵng')
insert into City (IdCity, IdCountry, CityName) values ('10009794','10009958', N'Thành phố Hồ Chí Minh')
insert into City (IdCity, IdCountry, CityName) values ('10009843','10009958', N'Hà Nội')
insert into City (IdCity, IdCountry, CityName) values ('10009866','10009958', N'Thành phố Cần Thơ')    
insert into City (IdCity, IdCountry, CityName) values ('10009889','10009958', N'Bà Rịa - Vung Tàu')    
insert into City (IdCity, IdCountry, CityName) values ('10009919','10009958', N'Tỉnh Hòa Bình')        
insert into City (IdCity, IdCountry, CityName) values ('10009800','10009958', N'Thành phố Hải Phòng')  
insert into City (IdCity, IdCountry, CityName) values ('10009897','10009958', N'Tỉnh Ninh Bình')       
insert into City (IdCity, IdCountry, CityName) values ('10010019','10009958', N'Tinh Bình Duong')     
insert into City (IdCity, IdCountry, CityName) values ('10009825','10009958', N'Bình Thuậnn')
insert into City (IdCity, IdCountry, CityName) values ('10009827','10009958', N'Tỉnh Quảng Bình')      
insert into City (IdCity, IdCountry, CityName) values ('10009904','10009958', N'Tỉnh Quảng Ninh')      
insert into City (IdCity, IdCountry, CityName) values ('10010312','10009958', N'Tỉnh Thừa Thiên Huế')
insert into City (IdCity, IdCountry, CityName) values ('10009931','10009958', N'Tỉnh Tây Ninh')
insert into City (IdCity, IdCountry, CityName) values ('10010000','10009958', N'Tỉnh Lâm Ðồng')
insert into City (IdCity, IdCountry, CityName) values ('10010002','10009958', N'Tỉnh Lào Cai')
insert into City (IdCity, IdCountry, CityName) values ('10010050','10009958', N'Tỉnh Ðak Lak')
insert into City (IdCity, IdCountry, CityName) values ('10009860','10009958', N'Tỉnh Nghệ An')
insert into City (IdCity, IdCountry, CityName) values ('10009790','10009958', N'Ðồng Nai')
insert into City (IdCity, IdCountry, CityName) values ('10009833','10009958', N'Tỉnh Kiên Giang')
insert into City (IdCity, IdCountry, CityName) values ('10009974','10009958', N'Bình Ð?nh')
insert into City (IdCity, IdCountry, CityName) values ('10009841','10009958', N'Khánh Hòa')
insert into City (IdCity, IdCountry, CityName) values ('10010108','10009958', N'Tỉnh Tiền Giang')
insert into City (IdCity, IdCountry, CityName) values ('10009805','10009958', N'Tỉnh Quảng Nam')
insert into City (IdCity, IdCountry, CityName) values ('10010058','10009958', N'Tỉnh Cà Mau')
insert into City (IdCity, IdCountry, CityName) values ('10009960','10009958', N'Tỉnh Gia Lai')
insert into City (IdCity, IdCountry, CityName) values ('10009933','10009958', N'Tỉnh Long An')
insert into City (IdCity, IdCountry, CityName) values ('10009926','10009958', N'Tinh Ðồng Tháp')

--singapo
insert into City (IdCity, IdCountry, CityName) values ('107531','10000001', N'Bugis')
insert into City (IdCity, IdCountry, CityName) values ('107517','10000001', N'Orchard')        
insert into City (IdCity, IdCountry, CityName) values ('107648','10000001', N'Changi')
insert into City (IdCity, IdCountry, CityName) values ('107548','10000001', N'V?nh Marina')    
insert into City (IdCity, IdCountry, CityName) values ('107509','10000001', N'Chinatown')      
insert into City (IdCity, IdCountry, CityName) values ('107658','10000001', N'Geylang')        
insert into City (IdCity, IdCountry, CityName) values ('107542','10000001', N'Little India')   
insert into City (IdCity, IdCountry, CityName) values ('107866','10000001', N'Ð?o Sentosa')    
insert into City (IdCity, IdCountry, CityName) values ('107662','10000001', N'Lavender')       
insert into City (IdCity, IdCountry, CityName) values ('107510','10000001', N'Càu cảng Clarke')
insert into City (IdCity, IdCountry, CityName) values ('107659','10000001', N'Kallang')        
insert into City (IdCity, IdCountry, CityName) values ('107497','10000001', N'HarbourFront')   
insert into City (IdCity, IdCountry, CityName) values ('107860','10000001', N'Jurong')
insert into City (IdCity, IdCountry, CityName) values ('107524','10000001', N'Tiong Bahru')    
insert into City (IdCity, IdCountry, CityName) values ('107652','10000001', N'Pasir Ris')      
insert into City (IdCity, IdCountry, CityName) values ('107571','10000001', N'Serangoon')      
insert into City (IdCity, IdCountry, CityName) values ('107673','10000001', N'East Coast')     
insert into City (IdCity, IdCountry, CityName) values ('107690','10000001', N'Yishun')
insert into City (IdCity, IdCountry, CityName) values ('107528','10000001', N'Bukit Timah')
insert into City (IdCity, IdCountry, CityName) values ('107574','10000001', N'Sengkang')
insert into City (IdCity, IdCountry, CityName) values ('107861','10000001', N'Pulau Ubin')
insert into City (IdCity, IdCountry, CityName) values ('107520','10000001', N'Tanglin')
insert into City (IdCity, IdCountry, CityName) values ('107685','10000001', N'Woodlands')
insert into City (IdCity, IdCountry, CityName) values ('107676','10000001', N'Bedok')
insert into City (IdCity, IdCountry, CityName) values ('107616','10000001', N'West Coast')
insert into City (IdCity, IdCountry, CityName) values ('107695','10000001', N'Kranji')
insert into City (IdCity, IdCountry, CityName) values ('107681','10000001', N'Tampines')
insert into City (IdCity, IdCountry, CityName) values ('107590','10000001', N'Bukit Panjang')
insert into City (IdCity, IdCountry, CityName) values ('107592','10000001', N'Tuas')
insert into City (IdCity, IdCountry, CityName) values ('107513','10000001', N'Queenstown')
insert into City (IdCity, IdCountry, CityName) values ('107535','10000001', N'Toa Payoh')
insert into City (IdCity, IdCountry, CityName) values ('107863','10000001', N'Khu Thuong mại Trung tâm')
insert into City (IdCity, IdCountry, CityName) values ('107617','10000001', N'Bukit Batok')
insert into City (IdCity, IdCountry, CityName) values ('107588','10000001', N'Seletar')
insert into City (IdCity, IdCountry, CityName) values ('107582','10000001', N'Ang Mo Kio')
insert into City (IdCity, IdCountry, CityName) values ('107545','10000001', N'Bishan')

--thailand
insert into City (IdCity, IdCountry, CityName) values ('10000045','10000007', N'Bangkok')
insert into City (IdCity, IdCountry, CityName) values ('10000054','10000007', N'Chiang Mai')
insert into City (IdCity, IdCountry, CityName) values ('10000077','10000007', N'Phuket')
insert into City (IdCity, IdCountry, CityName) values ('10000176','10000007', N'Kanchanaburi')
insert into City (IdCity, IdCountry, CityName) values ('10011104','10000007', N'Chiang Rai')
insert into City (IdCity, IdCountry, CityName) values ('10000188','10000007', N'Krabi')
insert into City (IdCity, IdCountry, CityName) values ('10000882','10000007', N'Udon Thani')
insert into City (IdCity, IdCountry, CityName) values ('10000117','10000007', N'Rayong')
insert into City (IdCity, IdCountry, CityName) values ('10000123','10000007', N'Khon Kaen')
insert into City (IdCity, IdCountry, CityName) values ('10000238','10000007', N'Surat Thani')
insert into City (IdCity, IdCountry, CityName) values ('10000148','10000007', N'Nakhon Ratchasima')
insert into City (IdCity, IdCountry, CityName) values ('10000071','10000007', N'Ubon Ratchathani')
insert into City (IdCity, IdCountry, CityName) values ('10001184','10000007', N'Nakhon Nayok')
insert into City (IdCity, IdCountry, CityName) values ('10000056','10000007', N'Chon Buri')
insert into City (IdCity, IdCountry, CityName) values ('10000903','10000007', N'Prachuap Khiri Khan')
insert into City (IdCity, IdCountry, CityName) values ('10000242','10000007', N'Nakhon Si Thammarat')
insert into City (IdCity, IdCountry, CityName) values ('10000310','10000007', N'Lampang')
insert into City (IdCity, IdCountry, CityName) values ('10000178','10000007', N'Trang')
insert into City (IdCity, IdCountry, CityName) values ('10000899','10000007', N'Phitsanulok')
insert into City (IdCity, IdCountry, CityName) values ('10000032','10000007', N'Phetchabun')
insert into City (IdCity, IdCountry, CityName) values ('10000021','10000007', N'Nong Khai')
insert into City (IdCity, IdCountry, CityName) values ('10000154','10000007', N'Buri Ram')
insert into City (IdCity, IdCountry, CityName) values ('10000153','10000007', N'Phetchaburi')
insert into City (IdCity, IdCountry, CityName) values ('10000023','10000007', N'Phang Nga')
insert into City (IdCity, IdCountry, CityName) values ('10000130','10000007', N'Ratchaburi')
insert into City (IdCity, IdCountry, CityName) values ('10000103','10000007', N'Ayutthaya')
insert into City (IdCity, IdCountry, CityName) values ('10000167','10000007', N'Nakhon Sawan')
insert into City (IdCity, IdCountry, CityName) values ('10000132','10000007', N'Nonthaburi')
insert into City (IdCity, IdCountry, CityName) values ('10000190','10000007', N'Nakhon Pathom')
insert into City (IdCity, IdCountry, CityName) values ('10000229','10000007', N'Trat')
insert into City (IdCity, IdCountry, CityName) values ('10000200','10000007', N'Mae Hong Son')
insert into City (IdCity, IdCountry, CityName) values ('10000172','10000007', N'Saraburi')
insert into City (IdCity, IdCountry, CityName) values ('10000226','10000007', N'Satun')
insert into City (IdCity, IdCountry, CityName) values ('10000074','10000007', N'Pathum Thani')
insert into City (IdCity, IdCountry, CityName) values ('10000006','10000007', N'Samut Songkhram')
insert into City (IdCity, IdCountry, CityName) values ('10000108','10000007', N'Tak')
insert into City (IdCity, IdCountry, CityName) values ('10000231','10000007', N'Samut Prakan')
insert into City (IdCity, IdCountry, CityName) values ('10000157','10000007', N'Chachoengsao')
insert into City (IdCity, IdCountry, CityName) values ('10000121','10000007', N'Lopburi')
insert into City (IdCity, IdCountry, CityName) values ('10000224','10000007', N'Prachin Buri')
--malasya
insert into City (IdCity, IdCountry, CityName) values ('107984','108416', N'Penang')
insert into City (IdCity, IdCountry, CityName) values ('107980','108416', N'Melaka')
insert into City (IdCity, IdCountry, CityName) values ('10011654','108416', N'Johor')
insert into City (IdCity, IdCountry, CityName) values ('107982','108416', N'Kuala Terengganu') 
insert into City (IdCity, IdCountry, CityName) values ('108418','108416', N'Selangor')
insert into City (IdCity, IdCountry, CityName) values ('30012270','108416', N'Kuala Lumpur')   
insert into City (IdCity, IdCountry, CityName) values ('10011657','108416', N'Pahang')
insert into City (IdCity, IdCountry, CityName) values ('10011658','108416', N'Perak')
insert into City (IdCity, IdCountry, CityName) values ('10011656','108416', N'Kelantan')       
insert into City (IdCity, IdCountry, CityName) values ('10011659','108416', N'Sabah')
insert into City (IdCity, IdCountry, CityName) values ('10011655','108416', N'Kedah')
insert into City (IdCity, IdCountry, CityName) values ('10011661','108416', N'Negeri Sembilan')
insert into City (IdCity, IdCountry, CityName) values ('108033','108416', N'Kuala Perlis')     
insert into City (IdCity, IdCountry, CityName) values ('10011660','108416', N'Sarawak')      

--nhatban
insert into City (IdCity, IdCountry, CityName) values ('20003483','20001756', N'Okinawa')
insert into City (IdCity, IdCountry, CityName) values ('20001450','20001756', N'Hokkaido')
insert into City (IdCity, IdCountry, CityName) values ('20004599','20001756', N'Tohoku')
insert into City (IdCity, IdCountry, CityName) values ('20002454','20001756', N'Kyushu')
insert into City (IdCity, IdCountry, CityName) values ('20004117','20001756', N'Shikoku')
insert into City (IdCity, IdCountry, CityName) values ('20002126','20001756', N'Kansai')
insert into City (IdCity, IdCountry, CityName) values ('20002127','20001756', N'Kanto')
insert into City (IdCity, IdCountry, CityName) values ('20000523','20001756', N'Chubu')
insert into City (IdCity, IdCountry, CityName) values ('20000524','20001756', N'Chugoku')

--hanquoc

insert into City (IdCity, IdCountry, CityName) values ('20003986','20004311', N'Seoul')
insert into City (IdCity, IdCountry, CityName) values ('20000337','20004311', N'Busan')
insert into City (IdCity, IdCountry, CityName) values ('20001759','20004311', N'Ðảo Jeju')
insert into City (IdCity, IdCountry, CityName) values ('20001674','20004311', N'Incheon')
insert into City (IdCity, IdCountry, CityName) values ('20000566','20004311', N'Daegu')
insert into City (IdCity, IdCountry, CityName) values ('20001760','20004311', N'Jeonbuk')
insert into City (IdCity, IdCountry, CityName) values ('20000977','20004311', N'Gangwon')
insert into City (IdCity, IdCountry, CityName) values ('20001157','20004311', N'Gyeonggi')
insert into City (IdCity, IdCountry, CityName) values ('20001156','20004311', N'Gyeongbuk')

--indo
insert into City (IdCity, IdCountry, CityName) values ('102813','100003', N'Jakarta')
insert into City (IdCity, IdCountry, CityName) values ('102746','100003', N'Bali')
insert into City (IdCity, IdCountry, CityName) values ('107409','100003', N'Tỉnh Yogyakarta')
insert into City (IdCity, IdCountry, CityName) values ('100004','100003', N'Tỉnh Lampung')
insert into City (IdCity, IdCountry, CityName) values ('105319','100003', N'Kepulauan Bangka Belitung')
insert into City (IdCity, IdCountry, CityName) values ('104896','100003', N'Jambi Province')
insert into City (IdCity, IdCountry, CityName) values ('105602','100003', N'Bengkulu Province')
insert into City (IdCity, IdCountry, CityName) values ('103831','100003', N'Tây Java')
insert into City (IdCity, IdCountry, CityName) values ('103130','100003', N'Ðông Java')
insert into City (IdCity, IdCountry, CityName) values ('106447','100003', N'Trung Java')
insert into City (IdCity, IdCountry, CityName) values ('100900','100003', N'Gorontalo')
insert into City (IdCity, IdCountry, CityName) values ('100196','100003', N'Banten')
insert into City (IdCity, IdCountry, CityName) values ('104768','100003', N'Tây Nusa Tenggara')
insert into City (IdCity, IdCountry, CityName) values ('101586','100003', N'Tây Sumatra')
insert into City (IdCity, IdCountry, CityName) values ('100970','100003', N'Bắc Sulawesi')
insert into City (IdCity, IdCountry, CityName) values ('100595','100003', N'Nam Sulawesi')
insert into City (IdCity, IdCountry, CityName) values ('101786','100003', N'Ðông Kalimantan')
insert into City (IdCity, IdCountry, CityName) values ('101115','100003', N'Aceh')
insert into City (IdCity, IdCountry, CityName) values ('105728','100003', N'Riau')
insert into City (IdCity, IdCountry, CityName) values ('100360','100003', N'Quần dảo Riau')
insert into City (IdCity, IdCountry, CityName) values ('107242','100003', N'Kalimantan Selatan')
insert into City (IdCity, IdCountry, CityName) values ('105041','100003', N'Nusa Tenggara Timur')
insert into City (IdCity, IdCountry, CityName) values ('102361','100003', N'Papua')
insert into City (IdCity, IdCountry, CityName) values ('101946','100003', N'Nam Sumatra')
insert into City (IdCity, IdCountry, CityName) values ('105524','100003', N'Maluku')
insert into City (IdCity, IdCountry, CityName) values ('102173','100003', N'Kalimantan Barat')
insert into City (IdCity, IdCountry, CityName) values ('100425','100003', N'Sulawesi Tengah')
insert into City (IdCity, IdCountry, CityName) values ('105373','100003', N'Kalimantan Tengah')
insert into City (IdCity, IdCountry, CityName) values ('101405','100003', N'Sulawesi Tenggara')
insert into City (IdCity, IdCountry, CityName) values ('107121','100003', N'Papua Barat')
insert into City (IdCity, IdCountry, CityName) values ('106338','100003', N'Maluku Utara')
insert into City (IdCity, IdCountry, CityName) values ('30010184','100003', N'Kalimantan Utara')
insert into City (IdCity, IdCountry, CityName) values ('106282','100003',N'Sulawesi Barat')

--dailoan
insert into City (IdCity, IdCountry, CityName) values ('30016984','4001668284', N'Southern Taiwan')
insert into City (IdCity, IdCountry, CityName) values ('30016985','4001668284', N'Eastern Taiwan')
insert into City (IdCity, IdCountry, CityName) values ('30016982','4001668284', N'Northern Taiwan')
insert into City (IdCity, IdCountry, CityName) values ('30016983','4001668284', N'Central Taiwan')

--hongcong
insert into City (IdCity, IdCountry, CityName) values ('10011651','10010821', N'Hồng Kông')

--uc
insert into City (IdCity, IdCountry, CityName) values ('4002155400','4002077456', N'State of New South Wales')
insert into City (IdCity, IdCountry, CityName) values ('4002058645','4002077456', N'Tây Úc')
insert into City (IdCity, IdCountry, CityName) values ('4002177478','4002077456', N'Australian Capital Territory')
insert into City (IdCity, IdCountry, CityName) values ('4002152274','4002077456', N'State of Queensland')
insert into City (IdCity, IdCountry, CityName) values ('4002145234','4002077456', N'State of Victoria')
insert into City (IdCity, IdCountry, CityName) values ('4002061327','4002077456', N'Nam Úc')
insert into City (IdCity, IdCountry, CityName) values ('4002147291','4002077456', N'State of Tasmania')
insert into City (IdCity, IdCountry, CityName) values ('4002064513','4002077456', N'Lãnh thổ phía Bắcc')

--trungquopc
insert into City (IdCity, IdCountry, CityName) values ('20004015','20000491', N'Thuợng Hải')
insert into City (IdCity, IdCountry, CityName) values ('20000270','20000491', N'Bắc Kinh')
insert into City (IdCity, IdCountry, CityName) values ('20001084','20000491', N'Quảng Ðông')
insert into City (IdCity, IdCountry, CityName) values ('20005679','20000491', N'Chiết Giang')
insert into City (IdCity, IdCountry, CityName) values ('20001584','20000491', N'Hà Nam')
insert into City (IdCity, IdCountry, CityName) values ('20001809','20000491', N'Giang Tô')
insert into City (IdCity, IdCountry, CityName) values ('20001279','20000491', N'Hà Bắc')
insert into City (IdCity, IdCountry, CityName) values ('20000984','20000491', N'Cam Túc')
insert into City (IdCity, IdCountry, CityName) values ('20003715','20000491', N'Thanh Hải')

--duc
insert into City (IdCity, IdCountry, CityName) values ('4006547539','4002921044', N'Berlin')
insert into City (IdCity, IdCountry, CityName) values ('4002951839','4002921044', N'Bavaria')
insert into City (IdCity, IdCountry, CityName) values ('4002905330','4002921044', N'Hessen')
insert into City (IdCity, IdCountry, CityName) values ('4002872567','4002921044', N'Mecklenburg-Western Pomerania')

--philippin
insert into City (IdCity, IdCountry, CityName) values ('10008029','10007643', N'Batangas')
insert into City (IdCity, IdCountry, CityName) values ('10008473','10007643', N'Cebu')
insert into City (IdCity, IdCountry, CityName) values ('10008716','10007643', N'Zambales')
insert into City (IdCity, IdCountry, CityName) values ('30011417','10007643', N'Metro Manila')
insert into City (IdCity, IdCountry, CityName) values ('10008020','10007643', N'Laguna')
insert into City (IdCity, IdCountry, CityName) values ('10008655','10007643',N'Bataan')
insert into City (IdCity, IdCountry, CityName) values ('10009214','10007643', N'Bohol')
insert into City (IdCity, IdCountry, CityName) values ('10008303','10007643', N'Pampanga')
insert into City (IdCity, IdCountry, CityName) values ('10008702','10007643',N'Cavite')
insert into City (IdCity, IdCountry, CityName) values ('10008032','10007643',N'La Union')
insert into City (IdCity, IdCountry, CityName) values ('10008462','10007643', N'Pangasinan')
insert into City (IdCity, IdCountry, CityName) values ('10008223','10007643', N'Iloilo')
insert into City (IdCity, IdCountry, CityName) values ('10009143','10007643', N'Rizal')
insert into City (IdCity, IdCountry, CityName) values ('10008272','10007643', N'Palawan')
insert into City (IdCity, IdCountry, CityName) values ('10009096','10007643', N'Guimaras')
insert into City (IdCity, IdCountry, CityName) values ('10008341','10007643', N'Siquijor')
insert into City (IdCity, IdCountry, CityName) values ('10008210','10007643', N'Batanes')
insert into City (IdCity, IdCountry, CityName) values ('10008147','10007643', N'Albay')
insert into City (IdCity, IdCountry, CityName) values ('10008144','10007643', N'Nueva Ecija')
insert into City (IdCity, IdCountry, CityName) values ('10008742','10007643', N'Ilocos Norte')
insert into City (IdCity, IdCountry, CityName) values ('10008094','10007643', N'Quezon')
insert into City (IdCity, IdCountry, CityName) values ('10008797','10007643', N'Bukidnon')
insert into City (IdCity, IdCountry, CityName) values ('10008773','10007643', N'Ilocos Sur')
insert into City (IdCity, IdCountry, CityName) values ('10008228','10007643', N'Isabela')
insert into City (IdCity, IdCountry, CityName) values ('10008024','10007643', N'Camarines Sur')
insert into City (IdCity, IdCountry, CityName) values ('10009331','10007643', N'Negros Oriental')
insert into City (IdCity, IdCountry, CityName) values ('10009255','10007643', N'Benguet')
insert into City (IdCity, IdCountry, CityName) values ('10009180','10007643', N'Negros Occidental')
insert into City (IdCity, IdCountry, CityName) values ('10008065','10007643', N'Bulacan')
insert into City (IdCity, IdCountry, CityName) values ('10009054','10007643', N'Misamis Oriental')
insert into City (IdCity, IdCountry, CityName) values ('10008856','10007643', N'Oriental Mindoro')
insert into City (IdCity, IdCountry, CityName) values ('10009320','10007643', N'Surigao del Norte')
insert into City (IdCity, IdCountry, CityName) values ('10008172','10007643', N'Sorsogon')
insert into City (IdCity, IdCountry, CityName) values ('10008926','10007643', N'Tarlac')
insert into City (IdCity, IdCountry, CityName) values ('10008869','10007643', N'Capiz')
insert into City (IdCity, IdCountry, CityName) values ('10008447','10007643', N'Catanduanes')
insert into City (IdCity, IdCountry, CityName) values ('10008900','10007643', N'Aklan')
insert into City (IdCity, IdCountry, CityName) values ('10008450','10007643', N'Antique')
insert into City (IdCity, IdCountry, CityName) values ('10008190','10007643', N'Romblon')
insert into City (IdCity, IdCountry, CityName) values ('10009111','10007643', N'Compostela Valley')
insert into City (IdCity, IdCountry, CityName) values ('10008562','10007643', N'Lanao del Norte')
insert into City (IdCity, IdCountry, CityName) values ('30016963','10007643', N'Davao')

--campuchia
insert into City (IdCity, IdCountry, CityName) values ('30002585','30002564', N'Siem Reap')
insert into City (IdCity, IdCountry, CityName) values ('30002565','30002564', N'Phnom Penh')
insert into City (IdCity, IdCountry, CityName) values ('30002571','30002564', N'Kampong Thom')

--PARTNER
insert into partner (IdPartner, Partnername) values (54, 'Terocin');
insert into partner (IdPartner, Partnername) values (59, 'Atenolol');
insert into partner (IdPartner, Partnername) values (46, 'studio 35 beauty');
insert into partner (IdPartner, Partnername) values (89, 'Treatment Set TS329915');
insert into partner (IdPartner, Partnername) values (38, 'DIVALPROEX SODIUM EXTENDED-RELEASE');

insert into partner (IdPartner, Partnername) values (99, 'Belladonna and Opium');
insert into partner (IdPartner, Partnername) values (64, 'SHISEIDO THE SKINCARE DAY MOISTURE PROTECTION');
insert into partner (IdPartner, Partnername) values (71, 'Notatum-Quentans');
insert into partner (IdPartner, Partnername) values (53, 'Simvastatin');
insert into partner (IdPartner, Partnername) values (30, 'Jantoven');
--TOUR
insert into type(Idtype, type) values 
('1' , 'Tour'),
('2' , 'Di Chuyen'),
('3' , 'San Choi'),
('4' , 'The Thao'),
('5' , 'Diem Tham Quan')

--VietNam
insert into Activity (IdActivity, IdCountry, IdCity, IdPartner, idtype , ActivityName, Location, Amount, Stt, Price, Desc, ImageUrl) values ( '2001798092415', '10009958', '10009794', 54, '1', 'Ăn tối trên sông Sài Gòn - Tour đêm', 'District 1', 20, 1, 500000, '', 'https://ik.imagekit.io/tvlk/xpe-asset/AyJ40ZAo1DOyPyKLZ9c3RGQHTP2oT4ZXW+QmPVVkFQiXFSv42UaHGzSmaSzQ8DO5QIbWPZuF+VkYVRk6gh-Vg4ECbfuQRQ4pHjWJ5Rmbtkk=/2001798092415/Dinner%2520Cruise%2520on%2520Saigon%2520River%2520-%2520Night%2520Tour-429b876c-9a30-466a-8482-13b6ba51a57d.jpeg?tr=q-60,c-at_max,w-540,h-960&_src=imagekit');
insert into Activity (IdActivity, IdCountry, IdCity, IdPartner, idtype , ActivityName, Location, Amount, Stt, Price, Desc, ImageUrl) values ( '2001485599895', '10009958', '10009843', 54, '1', 'Tour khám phá 3 đảo tại Phú Quốc - 1 ngày', 'Phu Quoc', 30, 0, 285000, '', 'https://ik.imagekit.io/tvlk/xpe-asset/AyJ40ZAo1DOyPyKLZ9c3RGQHTP2oT4ZXW+QmPVVkFQiXFSv42UaHGzSmaSzQ8DO5QIbWPZuF+VkYVRk6gh-Vg4ECbfuQRQ4pHjWJ5Rmbtkk=/2001798092415/Dinner%2520Cruise%2520on%2520Saigon%2520River%2520-%2520Night%2520Tour-429b876c-9a30-466a-8482-13b6ba51a57d.jpeg?tr=q-60,c-at_max,w-540,h-960&_src=imagekit');
insert into Activity (IdActivity, IdCountry, IdCity, IdPartner, idtype , ActivityName, Location, Amount, Stt, Price, Desc, ImageUrl) values ( '2001281414916', '10009958', '10009889', 54, '1', 'Tour đảo Điệp Sơn bằng tàu siêu tốc - 1 ngày', 'Nha Trang', 35, 1, 300000, '', 'https://ik.imagekit.io/tvlk/xpe-asset/AyJ40ZAo1DOyPyKLZ9c3RGQHTP2oT4ZXW+QmPVVkFQiXFSv42UaHGzSmaSzQ8DO5QIbWPZuF+VkYVRk6gh-Vg4ECbfuQRQ4pHjWJ5Rmbtkk=/2001798092415/Dinner%2520Cruise%2520on%2520Saigon%2520River%2520-%2520Night%2520Tour-429b876c-9a30-466a-8482-13b6ba51a57d.jpeg?tr=q-60,c-at_max,w-540,h-960&_src=imagekit');
insert into Activity (IdActivity, IdCountry, IdCity, IdPartner, idtype , ActivityName, Location, Amount, Stt, Price, Desc, ImageUrl) values ( '4741925273130', '10009958', '10010083', 54, '1', 'DIY Da Nang City Tour - 1 Day', 'Da nang', 20, 1, 2350000, '', 'https://ik.imagekit.io/tvlk/xpe-asset/AyJ40ZAo1DOyPyKLZ9c3RGQHTP2oT4ZXW+QmPVVkFQiXFSv42UaHGzSmaSzQ8DO5QIbWPZuF+VkYVRk6gh-Vg4ECbfuQRQ4pHjWJ5Rmbtkk=/2001798092415/Dinner%2520Cruise%2520on%2520Saigon%2520River%2520-%2520Night%2520Tour-429b876c-9a30-466a-8482-13b6ba51a57d.jpeg?tr=q-60,c-at_max,w-540,h-960&_src=imagekit');
insert into Activity (IdActivity, IdCountry, IdCity, IdPartner, idtype , ActivityName, Location, Amount, Stt, Price, Desc, ImageUrl) values ( '2000661012517', '10009958', '10009866', 54, '1', 'Can Tho International Airport Private Transfer to Can Tho City Center', 'Can Tho', 30, 0, 216000, '', 'https://ik.imagekit.io/tvlk/xpe-asset/AyJ40ZAo1DOyPyKLZ9c3RGQHTP2oT4ZXW+QmPVVkFQiXFSv42UaHGzSmaSzQ8DO5QIbWPZuF+VkYVRk6gh-Vg4ECbfuQRQ4pHjWJ5Rmbtkk=/2001798092415/Dinner%2520Cruise%2520on%2520Saigon%2520River%2520-%2520Night%2520Tour-429b876c-9a30-466a-8482-13b6ba51a57d.jpeg?tr=q-60,c-at_max,w-540,h-960&_src=imagekit');

--Singapore
insert into Activity (IdActivity, IdCountry, IdCity, IdPartner, idtype , ActivityName, Location, Amount, Stt, Price, Desc, ImageUrl) values ( '1000767877110', '10000001', '107531', 59, '1', 'Vé Marina Bay Sands', 'Marina Bay', 20, 1, 320150, '', 'https://ik.imagekit.io/tvlk/xpe-asset/AyJ40ZAo1DOyPyKLZ9c3RGQHTP2oT4ZXW+QmPVVkFQiXFSv42UaHGzSmaSzQ8DO5QIbWPZuF+VkYVRk6gh-Vg4ECbfuQRQ4pHjWJ5Rmbtkk=/1000767877110/Marina%2520Bay%2520Sands%2520SkyPark%2520Observation%2520Deck-3d2339b6-c66c-48fc-ad6e-cbe9cb986b47.png?tr=q-60,c-at_max,w-540,h-960&_src=imagekit');
insert into Activity (IdActivity, IdCountry, IdCity, IdPartner, idtype , ActivityName, Location, Amount, Stt, Price, Desc, ImageUrl) values ( '2001086258347', '10000001', '107517', 59, '1', 'Tour tham quan Singapore trên xe thuyền DUCKtours', 'Marina Bay', 25, 1, 219050, '', 'https://ik.imagekit.io/tvlk/xpe-asset/AyJ40ZAo1DOyPyKLZ9c3RGQHTP2oT4ZXW+QmPVVkFQiXFSv42UaHGzSmaSzQ8DO5QIbWPZuF+VkYVRk6gh-Vg4ECbfuQRQ4pHjWJ5Rmbtkk=/1000767877110/Marina%2520Bay%2520Sands%2520SkyPark%2520Observation%2520Deck-3d2339b6-c66c-48fc-ad6e-cbe9cb986b47.png?tr=q-60,c-at_max,w-540,h-960&_src=imagekit');
insert into Activity (IdActivity, IdCountry, IdCity, IdPartner, idtype , ActivityName, Location, Amount, Stt, Price, Desc, ImageUrl) values ( '1001717214853', '10000001', '107648', 59, '1', 'Chụp ảnh với nhiếp ảnh gia chuyên nghiệp ở Singapore', 'Singapore', 10, 1, 3370000, '', 'https://ik.imagekit.io/tvlk/xpe-asset/AyJ40ZAo1DOyPyKLZ9c3RGQHTP2oT4ZXW+QmPVVkFQiXFSv42UaHGzSmaSzQ8DO5QIbWPZuF+VkYVRk6gh-Vg4ECbfuQRQ4pHjWJ5Rmbtkk=/1000767877110/Marina%2520Bay%2520Sands%2520SkyPark%2520Observation%2520Deck-3d2339b6-c66c-48fc-ad6e-cbe9cb986b47.png?tr=q-60,c-at_max,w-540,h-960&_src=imagekit');
insert into Activity (IdActivity, IdCountry, IdCity, IdPartner, idtype , ActivityName, Location, Amount, Stt, Price, Desc, ImageUrl) values ( '1000798145340', '10000001', '107548', 59, '1', 'Ăn tối trên cáp treo', 'HarbourFront', 15, 0, 1289025, '', 'https://ik.imagekit.io/tvlk/xpe-asset/AyJ40ZAo1DOyPyKLZ9c3RGQHTP2oT4ZXW+QmPVVkFQiXFSv42UaHGzSmaSzQ8DO5QIbWPZuF+VkYVRk6gh-Vg4ECbfuQRQ4pHjWJ5Rmbtkk=/1000767877110/Marina%2520Bay%2520Sands%2520SkyPark%2520Observation%2520Deck-3d2339b6-c66c-48fc-ad6e-cbe9cb986b47.png?tr=q-60,c-at_max,w-540,h-960&_src=imagekit');
insert into Activity (IdActivity, IdCountry, IdCity, IdPartner, idtype , ActivityName, Location, Amount, Stt, Price, Desc, ImageUrl) values ( '1002099418305', '10000001', '107509', 59, '1', 'Tour tham quan các điểm quay Crazy Rich Asians ở Singapore bằng Sidecar', 'Singapore',20, 0, 5729000, '', 'https://ik.imagekit.io/tvlk/xpe-asset/AyJ40ZAo1DOyPyKLZ9c3RGQHTP2oT4ZXW+QmPVVkFQiXFSv42UaHGzSmaSzQ8DO5QIbWPZuF+VkYVRk6gh-Vg4ECbfuQRQ4pHjWJ5Rmbtkk=/1000767877110/Marina%2520Bay%2520Sands%2520SkyPark%2520Observation%2520Deck-3d2339b6-c66c-48fc-ad6e-cbe9cb986b47.png?tr=q-60,c-at_max,w-540,h-960&_src=imagekit');

--Thailand
insert into Activity (IdActivity, IdCountry, IdCity, IdPartner, idtype , ActivityName, Location, Amount, Stt, Price, Desc, ImageUrl) values ( '2001404435354', '10000007', '10000045', 46, '1', 'Tour 4 đảo tại Krabi 7 ngày - Srisawat Travel & Tour', 'Mueang Krabi District', 10, 1, 610225, '', 'https://ik.imagekit.io/tvlk/xpe-asset/AyJ40ZAo1DOyPyKLZ9c3RGQHTP2oT4ZXW+QmPVVkFQiXFSv42UaHGzSmaSzQ8DO5QIbWPZuF+VkYVRk6gh-Vg4ECbfuQRQ4pHjWJ5Rmbtkk=/2001404435354/Krabi%25204%2520Islands%2520by%2520Speedboat%2520-%2520Day%2520Tour%2520%2528by%2520TTD%2529-c4da74d0-4241-460d-bc95-3df7e3d765b7.jpeg?tr=q-60,c-at_max,w-540,h-960&_src=imagekit');
insert into Activity (IdActivity, IdCountry, IdCity, IdPartner, idtype , ActivityName, Location, Amount, Stt, Price, Desc, ImageUrl) values ( '2002030713046', '10000007', '10000054', 46, '1', 'Tour quần đảo Phi Phi, vịnh Maya, đảo Bamboo 1 ngày - Sea Star', 'Mueang Phuket District', 15, 1, 1578956, '', 'https://ik.imagekit.io/tvlk/xpe-asset/AyJ40ZAo1DOyPyKLZ9c3RGQHTP2oT4ZXW+QmPVVkFQiXFSv42UaHGzSmaSzQ8DO5QIbWPZuF+VkYVRk6gh-Vg4ECbfuQRQ4pHjWJ5Rmbtkk=/2001404435354/Krabi%25204%2520Islands%2520by%2520Speedboat%2520-%2520Day%2520Tour%2520%2528by%2520TTD%2529-c4da74d0-4241-460d-bc95-3df7e3d765b7.jpeg?tr=q-60,c-at_max,w-540,h-960&_src=imagekit');
insert into Activity (IdActivity, IdCountry, IdCity, IdPartner, idtype , ActivityName, Location, Amount, Stt, Price, Desc, ImageUrl) values ( '8690798864005', '10000007', '10000077', 46, '1', 'Ayutthaya Tour from Bangkok', 'Ayutthaya District', 20, 1, 3075294, '', 'https://ik.imagekit.io/tvlk/xpe-asset/AyJ40ZAo1DOyPyKLZ9c3RGQHTP2oT4ZXW+QmPVVkFQiXFSv42UaHGzSmaSzQ8DO5QIbWPZuF+VkYVRk6gh-Vg4ECbfuQRQ4pHjWJ5Rmbtkk=/2001404435354/Krabi%25204%2520Islands%2520by%2520Speedboat%2520-%2520Day%2520Tour%2520%2528by%2520TTD%2529-c4da74d0-4241-460d-bc95-3df7e3d765b7.jpeg?tr=q-60,c-at_max,w-540,h-960&_src=imagekit');
insert into Activity (IdActivity, IdCountry, IdCity, IdPartner, idtype , ActivityName, Location, Amount, Stt, Price, Desc, ImageUrl) values ( '2001099683120', '10000007', '10000176', 46, '1', 'Khám phá quần đảo Similan - Tour 1 ngày - We Love Andaman', 'Thai Mueang District', 20, 0, 1509620, '', 'https://ik.imagekit.io/tvlk/xpe-asset/AyJ40ZAo1DOyPyKLZ9c3RGQHTP2oT4ZXW+QmPVVkFQiXFSv42UaHGzSmaSzQ8DO5QIbWPZuF+VkYVRk6gh-Vg4ECbfuQRQ4pHjWJ5Rmbtkk=/2001404435354/Krabi%25204%2520Islands%2520by%2520Speedboat%2520-%2520Day%2520Tour%2520%2528by%2520TTD%2529-c4da74d0-4241-460d-bc95-3df7e3d765b7.jpeg?tr=q-60,c-at_max,w-540,h-960&_src=imagekit');
insert into Activity (IdActivity, IdCountry, IdCity, IdPartner, idtype , ActivityName, Location, Amount, Stt, Price, Desc, ImageUrl) values ( '2001099682314', '10000007', '10011104', 46, '1', 'Tham quan đảo Coral bằng thuyền hai thân Catamaran - Tour ngắm hoàng hôn nửa ngày (của We Love Andaman)', 'Thalang District', 20, 0, 823803, '', 'https://ik.imagekit.io/tvlk/xpe-asset/AyJ40ZAo1DOyPyKLZ9c3RGQHTP2oT4ZXW+QmPVVkFQiXFSv42UaHGzSmaSzQ8DO5QIbWPZuF+VkYVRk6gh-Vg4ECbfuQRQ4pHjWJ5Rmbtkk=/2001404435354/Krabi%25204%2520Islands%2520by%2520Speedboat%2520-%2520Day%2520Tour%2520%2528by%2520TTD%2529-c4da74d0-4241-460d-bc95-3df7e3d765b7.jpeg?tr=q-60,c-at_max,w-540,h-960&_src=imagekit');

--Malaysia
insert into Activity (IdActivity, IdCountry, IdCity, IdPartner, idtype , ActivityName, Location, Amount, Stt, Price, Desc, ImageUrl) values ( '2001661801973', '108416', '107984', 89, '1', 'Ăn tối trên du thuyền tại thành phố KK', 'Kota Kinabalu', 10, 1, 217284, '', 'https://ik.imagekit.io/tvlk/xpe-asset/AyJ40ZAo1DOyPyKLZ9c3RGQHTP2oT4ZXW+QmPVVkFQiXFSv42UaHGzSmaSzQ8DO5QIbWPZuF+VkYVRk6gh-Vg4ECbfuQRQ4pHjWJ5Rmbtkk=/2001661801973/KK%2520City%2520Night%2520Dinner%2520Cruise-a54329e3-639d-4eca-9fb5-5b799536f18a.jpeg?tr=q-60,c-at_max,w-540,h-960&_src=imagekit');
insert into Activity (IdActivity, IdCountry, IdCity, IdPartner, idtype , ActivityName, Location, Amount, Stt, Price, Desc, ImageUrl) values ( '2001213304997', '108416', '107980', 89, '1', 'Tour hang Batu và cao nguyên Genting 1 ngày', 'Kuala Lumpur', 20, 0, 434567, '', 'https://ik.imagekit.io/tvlk/xpe-asset/AyJ40ZAo1DOyPyKLZ9c3RGQHTP2oT4ZXW+QmPVVkFQiXFSv42UaHGzSmaSzQ8DO5QIbWPZuF+VkYVRk6gh-Vg4ECbfuQRQ4pHjWJ5Rmbtkk=/2001661801973/KK%2520City%2520Night%2520Dinner%2520Cruise-a54329e3-639d-4eca-9fb5-5b799536f18a.jpeg?tr=q-60,c-at_max,w-540,h-960&_src=imagekit');
insert into Activity (IdActivity, IdCountry, IdCity, IdPartner, idtype , ActivityName, Location, Amount, Stt, Price, Desc, ImageUrl) values ( '2000834351036', '108416', '10011654', 89, '1', 'Tour khám phá Penang Hill và chùa', 'Pulau Pinang', 15, 1, 298765, '', 'https://ik.imagekit.io/tvlk/xpe-asset/AyJ40ZAo1DOyPyKLZ9c3RGQHTP2oT4ZXW+QmPVVkFQiXFSv42UaHGzSmaSzQ8DO5QIbWPZuF+VkYVRk6gh-Vg4ECbfuQRQ4pHjWJ5Rmbtkk=/2001661801973/KK%2520City%2520Night%2520Dinner%2520Cruise-a54329e3-639d-4eca-9fb5-5b799536f18a.jpeg?tr=q-60,c-at_max,w-540,h-960&_src=imagekit');
insert into Activity (IdActivity, IdCountry, IdCity, IdPartner, idtype , ActivityName, Location, Amount, Stt, Price, Desc, ImageUrl) values ( '2000834351717', '108416', '107982', 89, '1', 'Tour khám phá lịch sử Malacca', 'Melaka City', 20, 0, 597530, '', 'https://ik.imagekit.io/tvlk/xpe-asset/AyJ40ZAo1DOyPyKLZ9c3RGQHTP2oT4ZXW+QmPVVkFQiXFSv42UaHGzSmaSzQ8DO5QIbWPZuF+VkYVRk6gh-Vg4ECbfuQRQ4pHjWJ5Rmbtkk=/2001661801973/KK%2520City%2520Night%2520Dinner%2520Cruise-a54329e3-639d-4eca-9fb5-5b799536f18a.jpeg?tr=q-60,c-at_max,w-540,h-960&_src=imagekit');
insert into Activity (IdActivity, IdCountry, IdCity, IdPartner, idtype , ActivityName, Location, Amount, Stt, Price, Desc, ImageUrl) values ( '2001213304998', '108416', '108418', 89, '1', 'Hang Batu + Suối nước nóng + Công viên Templer - Tour 1 ngày', 'Kuala Lumpur', 10, 1, 325925, '', 'https://ik.imagekit.io/tvlk/xpe-asset/AyJ40ZAo1DOyPyKLZ9c3RGQHTP2oT4ZXW+QmPVVkFQiXFSv42UaHGzSmaSzQ8DO5QIbWPZuF+VkYVRk6gh-Vg4ECbfuQRQ4pHjWJ5Rmbtkk=/2001661801973/KK%2520City%2520Night%2520Dinner%2520Cruise-a54329e3-639d-4eca-9fb5-5b799536f18a.jpeg?tr=q-60,c-at_max,w-540,h-960&_src=imagekit');

--Japan
insert into Activity (IdActivity, IdCountry, IdCity, IdPartner, idtype , ActivityName, Location, Amount, Stt, Price, Desc, ImageUrl) values ( '1000238512765', '20001756', '20003483', 38, '1', 'Chụp ảnh với nhiếp ảnh gia chuyên nghiệp tại Tokyo', 'Chuo', 10, 1, 3791250, '', 'https://ik.imagekit.io/tvlk/xpe-asset/AyJ40ZAo1DOyPyKLZ9c3RGQHTP2oT4ZXW+QmPVVkFQiXFSv42UaHGzSmaSzQ8DO5QIbWPZuF+VkYVRk6gh-Vg4ECbfuQRQ4pHjWJ5Rmbtkk=/1000238512765/Professional%2520Photo%2520Shoot%2520in%2520Tokyo-cfc4f5c6-63ad-4818-89b6-dff2a10f96a6.jpeg?tr=q-60,c-at_max,w-540,h-960&_src=imagekit'); 
insert into Activity (IdActivity, IdCountry, IdCity, IdPartner, idtype , ActivityName, Location, Amount, Stt, Price, Desc, ImageUrl) values ( '1000572561752', '20001756', '20001450', 38, '1', 'Trải nghiệm ẩm thực và Thư pháp ở Tokyo', 'Toshima', 10, 1, 3082708, '', 'https://ik.imagekit.io/tvlk/xpe-asset/AyJ40ZAo1DOyPyKLZ9c3RGQHTP2oT4ZXW+QmPVVkFQiXFSv42UaHGzSmaSzQ8DO5QIbWPZuF+VkYVRk6gh-Vg4ECbfuQRQ4pHjWJ5Rmbtkk=/1000238512765/Professional%2520Photo%2520Shoot%2520in%2520Tokyo-cfc4f5c6-63ad-4818-89b6-dff2a10f96a6.jpeg?tr=q-60,c-at_max,w-540,h-960&_src=imagekit');
insert into Activity (IdActivity, IdCountry, IdCity, IdPartner, idtype , ActivityName, Location, Amount, Stt, Price, Desc, ImageUrl) values ( '1000097609045', '20001756', '20004599', 38, '1', 'Chụp ảnh với nhiếp ảnh gia chuyên nghiệp tại Osaka', 'Osaka', 10, 1, 3791250, '', 'https://ik.imagekit.io/tvlk/xpe-asset/AyJ40ZAo1DOyPyKLZ9c3RGQHTP2oT4ZXW+QmPVVkFQiXFSv42UaHGzSmaSzQ8DO5QIbWPZuF+VkYVRk6gh-Vg4ECbfuQRQ4pHjWJ5Rmbtkk=/1000238512765/Professional%2520Photo%2520Shoot%2520in%2520Tokyo-cfc4f5c6-63ad-4818-89b6-dff2a10f96a6.jpeg?tr=q-60,c-at_max,w-540,h-960&_src=imagekit');
insert into Activity (IdActivity, IdCountry, IdCity, IdPartner, idtype , ActivityName, Location, Amount, Stt, Price, Desc, ImageUrl) values ( '1002122792647', '20001756', '20002454', 38, '1', 'Chụp ảnh với nhiếp ảnh gia chuyên nghiệp tại Kyoto', 'Kyoto', 10, 0, 3791250, '', 'https://ik.imagekit.io/tvlk/xpe-asset/AyJ40ZAo1DOyPyKLZ9c3RGQHTP2oT4ZXW+QmPVVkFQiXFSv42UaHGzSmaSzQ8DO5QIbWPZuF+VkYVRk6gh-Vg4ECbfuQRQ4pHjWJ5Rmbtkk=/1000238512765/Professional%2520Photo%2520Shoot%2520in%2520Tokyo-cfc4f5c6-63ad-4818-89b6-dff2a10f96a6.jpeg?tr=q-60,c-at_max,w-540,h-960&_src=imagekit');
insert into Activity (IdActivity, IdCountry, IdCity, IdPartner, idtype , ActivityName, Location, Amount, Stt, Price, Desc, ImageUrl) values ( '1001967379033', '20001756', '20004117', 38, '1', 'Xe Bus Hop-On Hop-Off Tokyo', 'Chiyoda', 15, 1, 262186, '', 'https://ik.imagekit.io/tvlk/xpe-asset/AyJ40ZAo1DOyPyKLZ9c3RGQHTP2oT4ZXW+QmPVVkFQiXFSv42UaHGzSmaSzQ8DO5QIbWPZuF+VkYVRk6gh-Vg4ECbfuQRQ4pHjWJ5Rmbtkk=/1000238512765/Professional%2520Photo%2520Shoot%2520in%2520Tokyo-cfc4f5c6-63ad-4818-89b6-dff2a10f96a6.jpeg?tr=q-60,c-at_max,w-540,h-960&_src=imagekit');
--IMAGE
--Vietnam
insert into image (IdImage, IdActivity, Link) values ('img01', '2001798092415', 'https://ik.imagekit.io/tvlk/xpe-asset/AyJ40ZAo1DOyPyKLZ9c3RGQHTP2oT4ZXW+QmPVVkFQiXFSv42UaHGzSmaSzQ8DO5QIbWPZuF+VkYVRk6gh-Vg4ECbfuQRQ4pHjWJ5Rmbtkk=/2001798092415/Dinner%2520Cruise%2520on%2520Saigon%2520River%2520-%2520Night%2520Tour-429b876c-9a30-466a-8482-13b6ba51a57d.jpeg?tr=q-60,c-at_max,w-540,h-960&_src=imagekit');
insert into image (IdImage, IdActivity, Link) values ('img02', '2001485599895', 'https://ik.imagekit.io/tvlk/xpe-asset/AyJ40ZAo1DOyPyKLZ9c3RGQHTP2oT4ZXW+QmPVVkFQiXFSv42UaHGzSmaSzQ8DO5QIbWPZuF+VkYVRk6gh-Vg4ECbfuQRQ4pHjWJ5Rmbtkk=/2001485599895/Three%2520Islands%2520Hopping%2520in%2520Phu%2520Quoc%2520-%2520Day%2520Tour-43b00c21-8fe9-4a7b-b272-1bf46dbe3590.jpeg?tr=q-60,c-at_max,w-540,h-960&_src=imagekit');
insert into image (IdImage, IdActivity, Link) values ('img03', '2001281414916', 'https://ik.imagekit.io/tvlk/xpe-asset/AyJ40ZAo1DOyPyKLZ9c3RGQHTP2oT4ZXW+QmPVVkFQiXFSv42UaHGzSmaSzQ8DO5QIbWPZuF+VkYVRk6gh-Vg4ECbfuQRQ4pHjWJ5Rmbtkk=/2001281414916/Diep%2520Son%2520Island%2520Speedboating%2520-%2520Day%2520Tour-e39531bd-eada-4926-be2c-07a61d8e52a9.jpeg?tr=q-60,c-at_max,w-540,h-960&_src=imagekit');
insert into image (IdImage, IdActivity, Link) values ('img04', '4741925273130', 'https://ik.imagekit.io/tvlk/xpe-asset/AyJ40ZAo1DOyPyKLZ9c3RGQHTP2oT4ZXW+QmPVVkFQiXFSv42UaHGzSmaSzQ8DO5QIbWPZuF+VkYVRk6gh-Vg4ECbfuQRQ4pHjWJ5Rmbtkk=/4741925273130/DIY%2520Da%2520Nang%2520City%2520Tour%2520-%25201%2520Day%2520-185d7b7c-87bb-4555-ab09-314496c52861.jpeg?tr=q-60,c-at_max,w-540,h-960&_src=imagekit');
insert into image (IdImage, IdActivity, Link) values ('img05', '2000661012517', 'https://ik.imagekit.io/tvlk/xpe-asset/AyJ40ZAo1DOyPyKLZ9c3RGQHTP2oT4ZXW+QmPVVkFQiXFSv42UaHGzSmaSzQ8DO5QIbWPZuF+VkYVRk6gh-Vg4ECbfuQRQ4pHjWJ5Rmbtkk=/2000661012517/Can%2520Tho%2520International%2520Airport%2520Private%2520Transfer%2520to%2520Can%2520Tho%2520City%2520Center-89918180-3c5d-4c09-b5d2-0ee2de884ee9.jpeg?tr=q-60,c-at_max,w-540,h-960&_src=imagekit');

--Singapore
insert into image (IdImage, IdActivity, Link) values ('img06', '2001798092415', 'https://ik.imagekit.io/tvlk/xpe-asset/AyJ40ZAo1DOyPyKLZ9c3RGQHTP2oT4ZXW+QmPVVkFQiXFSv42UaHGzSmaSzQ8DO5QIbWPZuF+VkYVRk6gh-Vg4ECbfuQRQ4pHjWJ5Rmbtkk=/1000767877110/Marina%2520Bay%2520Sands%2520SkyPark%2520Observation%2520Deck-3d2339b6-c66c-48fc-ad6e-cbe9cb986b47.png?tr=q-60,c-at_max,w-540,h-960&_src=imagekit');
insert into image (IdImage, IdActivity, Link) values ('img07', '2001086258347', 'https://ik.imagekit.io/tvlk/xpe-asset/AyJ40ZAo1DOyPyKLZ9c3RGQHTP2oT4ZXW+QmPVVkFQiXFSv42UaHGzSmaSzQ8DO5QIbWPZuF+VkYVRk6gh-Vg4ECbfuQRQ4pHjWJ5Rmbtkk=/2001086258347/Singapore%2520DUCKtours-e542d38f-969b-4c8e-8b4a-748947003495.jpeg?tr=q-60,c-at_max,w-540,h-960&_src=imagekit');
insert into image (IdImage, IdActivity, Link) values ('img08', '1001335874435', 'https://ik.imagekit.io/tvlk/xpe-asset/AyJ40ZAo1DOyPyKLZ9c3RGQHTP2oT4ZXW+QmPVVkFQiXFSv42UaHGzSmaSzQ8DO5QIbWPZuF+VkYVRk6gh-Vg4ECbfuQRQ4pHjWJ5Rmbtkk=/1001335874435/Private%2520Tour%2520with%2520a%2520Professional%2520Photographer%2520in%2520Singapore-91560f8a-1771-4bb1-9d47-fa022ead6135.jpeg?tr=q-60,c-at_max,w-540,h-960&_src=imagekit');
insert into image (IdImage, IdActivity, Link) values ('img09', '1000798145340', 'https://ik.imagekit.io/tvlk/xpe-asset/AyJ40ZAo1DOyPyKLZ9c3RGQHTP2oT4ZXW+QmPVVkFQiXFSv42UaHGzSmaSzQ8DO5QIbWPZuF+VkYVRk6gh-Vg4ECbfuQRQ4pHjWJ5Rmbtkk=/1000798145340/Cable%2520Car%2520Sky%2520Dining-8e633f9d-511b-4d48-9212-3bebd929f1d0.jpeg?tr=q-60,c-at_max,w-540,h-960&_src=imagekit');
insert into image (IdImage, IdActivity, Link) values ('img10', '1002099418305', 'https://ik.imagekit.io/tvlk/xpe-asset/AyJ40ZAo1DOyPyKLZ9c3RGQHTP2oT4ZXW+QmPVVkFQiXFSv42UaHGzSmaSzQ8DO5QIbWPZuF+VkYVRk6gh-Vg4ECbfuQRQ4pHjWJ5Rmbtkk=/1002099418305/Singapore%2520Crazy%2520Rich%2520Asians%2520Sidecar%2520Tour%2520PLUS%2520Mandarin%2520Oriental%2520MOBAR%2520Cocktail%2520Workshop-507c5054-0822-4508-bc5d-c9b64687feba.jpeg?tr=q-60,c-at_max,w-540,h-960&_src=imagekit');

--Thailand
insert into image (IdImage, IdActivity, Link) values ('img11', '2001404435354', 'https://ik.imagekit.io/tvlk/xpe-asset/AyJ40ZAo1DOyPyKLZ9c3RGQHTP2oT4ZXW+QmPVVkFQiXFSv42UaHGzSmaSzQ8DO5QIbWPZuF+VkYVRk6gh-Vg4ECbfuQRQ4pHjWJ5Rmbtkk=/2001404435354/Krabi%25204%2520Islands%2520by%2520Speedboat%2520-%2520Day%2520Tour%2520%2528by%2520TTD%2529-c4da74d0-4241-460d-bc95-3df7e3d765b7.jpeg?tr=q-60,c-at_max,w-540,h-960&_src=imagekit');
insert into image (IdImage, IdActivity, Link) values ('img12', '2002030713046', 'https://ik.imagekit.io/tvlk/xpe-asset/AyJ40ZAo1DOyPyKLZ9c3RGQHTP2oT4ZXW+QmPVVkFQiXFSv42UaHGzSmaSzQ8DO5QIbWPZuF+VkYVRk6gh-Vg4ECbfuQRQ4pHjWJ5Rmbtkk=/2002030713046/Phi%2520Phi%2520%2526%2520Bamboo%2520Island%2520%2528by%2520SeaStar%2520Andaman%2529%2520-%2520Day%2520Tour-21edc0a5-2d0f-41b8-a07b-3338e5bd017f.jpeg?tr=q-60,c-at_max,w-540,h-960&_src=imagekit');
insert into image (IdImage, IdActivity, Link) values ('img13', '8690798864005', 'https://ik.imagekit.io/tvlk/xpe-asset/AyJ40ZAo1DOyPyKLZ9c3RGQHTP2oT4ZXW+QmPVVkFQiXFSv42UaHGzSmaSzQ8DO5QIbWPZuF+VkYVRk6gh-Vg4ECbfuQRQ4pHjWJ5Rmbtkk=/8690798864005/Ayutthaya%2520Tour%2520from%2520Bangkok-2e8ee1c4-39a6-4d94-a0e2-2185d1fceae0.jpeg?tr=q-60,c-at_max,w-540,h-960&_src=imagekit');
insert into image (IdImage, IdActivity, Link) values ('img14', '2001099683120', 'https://ik.imagekit.io/tvlk/xpe-asset/AyJ40ZAo1DOyPyKLZ9c3RGQHTP2oT4ZXW+QmPVVkFQiXFSv42UaHGzSmaSzQ8DO5QIbWPZuF+VkYVRk6gh-Vg4ECbfuQRQ4pHjWJ5Rmbtkk=/2001099683120/Similan%2520Islands%2520-%25201-day%2520Tour%2520%2528by%2520We%2520Love%2520Andaman%2529-e5e8a333-d00b-472c-9221-7ad4ccece470.jpeg?tr=q-60,c-at_max,w-540,h-960&_src=imagekit');
insert into image (IdImage, IdActivity, Link) values ('img15', '2001099682314', 'https://ik.imagekit.io/tvlk/xpe-asset/AyJ40ZAo1DOyPyKLZ9c3RGQHTP2oT4ZXW+QmPVVkFQiXFSv42UaHGzSmaSzQ8DO5QIbWPZuF+VkYVRk6gh-Vg4ECbfuQRQ4pHjWJ5Rmbtkk=/2001099682314/Coral%2520Island%2520by%2520Catamaran%2520Yacht%2520-%2520Half-day%2520Sunset%2520Program%2520%2528by%2520We%2520Love%2520Andaman%2529-ad880ab9-2e2c-43ac-b8b0-0598d4d81cf2.jpeg?tr=q-60,c-at_max,w-540,h-960&_src=imagekit');


--Malaysia
insert into image (IdImage, IdActivity, Link) values ('img16', '2001661801973', 'https://ik.imagekit.io/tvlk/xpe-asset/AyJ40ZAo1DOyPyKLZ9c3RGQHTP2oT4ZXW+QmPVVkFQiXFSv42UaHGzSmaSzQ8DO5QIbWPZuF+VkYVRk6gh-Vg4ECbfuQRQ4pHjWJ5Rmbtkk=/2001661801973/KK%2520City%2520Night%2520Dinner%2520Cruise-a54329e3-639d-4eca-9fb5-5b799536f18a.jpeg?tr=q-60,c-at_max,w-540,h-960&_src=imagekit');
insert into image (IdImage, IdActivity, Link) values ('img17', '2001213304997', 'https://ik.imagekit.io/tvlk/xpe-asset/AyJ40ZAo1DOyPyKLZ9c3RGQHTP2oT4ZXW+QmPVVkFQiXFSv42UaHGzSmaSzQ8DO5QIbWPZuF+VkYVRk6gh-Vg4ECbfuQRQ4pHjWJ5Rmbtkk=/2001213304997/Batu%2520Caves%2520%252B%2520Genting%2520Highland%2520-%25201%2520Day%2520Trip-30701b18-3229-4231-8a1c-9e462af86f3d.jpeg?tr=q-60,c-at_max,w-540,h-960&_src=imagekit');
insert into image (IdImage, IdActivity, Link) values ('img18', '2000834351036', 'https://ik.imagekit.io/tvlk/xpe-asset/AyJ40ZAo1DOyPyKLZ9c3RGQHTP2oT4ZXW+QmPVVkFQiXFSv42UaHGzSmaSzQ8DO5QIbWPZuF+VkYVRk6gh-Vg4ECbfuQRQ4pHjWJ5Rmbtkk=/2000834351036/Penang%2520Hill%2520and%2520Temple%2520Tour-f712631a-f2bd-47fc-97bf-e38f15801471.jpeg?tr=q-60,c-at_max,w-540,h-960&_src=imagekit');
insert into image (IdImage, IdActivity, Link) values ('img19', '2000834351717', 'https://ik.imagekit.io/tvlk/xpe-asset/AyJ40ZAo1DOyPyKLZ9c3RGQHTP2oT4ZXW+QmPVVkFQiXFSv42UaHGzSmaSzQ8DO5QIbWPZuF+VkYVRk6gh-Vg4ECbfuQRQ4pHjWJ5Rmbtkk=/2000834351717/Malacca%2520Historical%2520Tour-bc89aa45-eda4-4abd-84ba-1abe89f62519.jpeg?tr=q-60,c-at_max,w-540,h-960&_src=imagekit');
insert into image (IdImage, IdActivity, Link) values ('img20', '2001213304998', 'https://ik.imagekit.io/tvlk/xpe-asset/AyJ40ZAo1DOyPyKLZ9c3RGQHTP2oT4ZXW+QmPVVkFQiXFSv42UaHGzSmaSzQ8DO5QIbWPZuF+VkYVRk6gh-Vg4ECbfuQRQ4pHjWJ5Rmbtkk=/2001213304998/Batu%2520Caves%2520%252B%2520Hot%2520Springs%2520%252B%2520Templer%2520Park%2520-%25201%2520Day%2520Trip-97ac0797-2b33-4969-bb38-b0a7a7e95a37.jpeg?tr=q-60,c-at_max,w-540,h-960&_src=imagekit');


--Japan
insert into image (IdImage, IdActivity, Link) values ('img21', '1000238512765', 'https://ik.imagekit.io/tvlk/xpe-asset/AyJ40ZAo1DOyPyKLZ9c3RGQHTP2oT4ZXW+QmPVVkFQiXFSv42UaHGzSmaSzQ8DO5QIbWPZuF+VkYVRk6gh-Vg4ECbfuQRQ4pHjWJ5Rmbtkk=/1000238512765/Professional%2520Photo%2520Shoot%2520in%2520Tokyo-cfc4f5c6-63ad-4818-89b6-dff2a10f96a6.jpeg?tr=q-60,c-at_max,w-540,h-960&_src=imagekit');
insert into image (IdImage, IdActivity, Link) values ('img22', '1000572561752', 'https://ik.imagekit.io/tvlk/xpe-asset/AyJ40ZAo1DOyPyKLZ9c3RGQHTP2oT4ZXW+QmPVVkFQiXFSv42UaHGzSmaSzQ8DO5QIbWPZuF+VkYVRk6gh-Vg4ECbfuQRQ4pHjWJ5Rmbtkk=/1000572561752/Tokyo%2520Food%2520Tour%2520with%2520Calligraphy%2520Experience-0a9f9b21-b6a4-4c77-9194-d4e274aba41e.jpeg?tr=q-60,c-at_max,w-540,h-960&_src=imagekit');
insert into image (IdImage, IdActivity, Link) values ('img23', '1000097609045', 'https://ik.imagekit.io/tvlk/xpe-asset/AyJ40ZAo1DOyPyKLZ9c3RGQHTP2oT4ZXW+QmPVVkFQiXFSv42UaHGzSmaSzQ8DO5QIbWPZuF+VkYVRk6gh-Vg4ECbfuQRQ4pHjWJ5Rmbtkk=/1000097609045/Professional%2520Photo%2520Shoot%2520in%2520Osaka-a12945d5-0527-4852-97d7-e4ecdba8cbc3.jpeg?tr=q-60,c-at_max,w-540,h-960&_src=imagekit');
insert into image (IdImage, IdActivity, Link) values ('img24', '1002122792647', 'https://ik.imagekit.io/tvlk/xpe-asset/AyJ40ZAo1DOyPyKLZ9c3RGQHTP2oT4ZXW+QmPVVkFQiXFSv42UaHGzSmaSzQ8DO5QIbWPZuF+VkYVRk6gh-Vg4ECbfuQRQ4pHjWJ5Rmbtkk=/1002122792647/Professional%2520Photo%2520Shoot%2520in%2520Kyoto-8ac393e1-0520-45cc-a4ba-7267821e17c0.jpeg?tr=q-60,c-at_max,w-540,h-960&_src=imagekit');
insert into image (IdImage, IdActivity, Link) values ('img25', '1001967379033', 'https://ik.imagekit.io/tvlk/xpe-asset/AyJ40ZAo1DOyPyKLZ9c3RGQHTP2oT4ZXW+QmPVVkFQiXFSv42UaHGzSmaSzQ8DO5QIbWPZuF+VkYVRk6gh-Vg4ECbfuQRQ4pHjWJ5Rmbtkk=/1001967379033/Tokyo%2520Hop-On%2520Hop-Off%2520Sightseeing%2520Bus-b269101c-6442-417e-b989-25e00ea92f6f.png?tr=q-60,c-at_max,w-540,h-960&_src=imagekit'); 


